<?xml version="1.0" encoding="UTF-8" standalone="yes"?>
<addon id="plugin.video.Amass_Reborn"                                                                                                                                    
	   name="[COLOR yellow]Amass Reborn[/COLOR]"                                                 
	   version="2.0.4"                                                                                                                                        
	   provider-name="The Prophet">
    <requires>
	    <import addon="script.module.resolveurl" />
    </requires>
  <extension point="xbmc.python.pluginsource"
            library="default.py">
        <provides>video</provides>
  </extension>
  <extension point="xbmc.addon.metadata">
    <summary lang="en">All Credit To aa - Works On Matrix</summary>
    <description lang="en">All Credit To aa - Works On Matrix</description>
	
    <platform>all</platform>
	<assets>
            <icon>icon.png</icon>
            <fanart>fanart.jpg</fanart>
    </assets>
  </extension>
  
</addon>
