<?xml version="1.0" encoding="UTF-8" standalone="yes"?>
<addon id="script.module.kpolyamass" name="Kpolyamass Module" version="1.0.0" provider-name="The Prophet">
	<requires>
		<!--<import addon="xbmc.python" version="2.25.0" />-->
        <import addon="script.module.beautifulsoup4"/>
	</requires>
	<extension point="xbmc.python.module" library="lib" />
	<extension point="xbmc.addon.metadata">
		<platform>all</platform>
		<summary lang="en">kpolyamass</summary>
	</extension>
</addon>
