<?xml version="1.0" encoding="UTF-8" standalone="yes"?>
<addon id="script.kpolyamass.metadata" version="1.0.0" name="Kpolyamass Metadata" provider-name="The Prophet">
	<requires>
		<!--<import addon="xbmc.python" version="3.0.0" />-->
	</requires>
	<extension point="xbmc.python.module" library="lib" />
	<extension point="xbmc.addon.metadata">
		<summary>Metadata for the Kpolyamass Addon</summary>
		<description>Metadata for Kpolyamass are maintained separately to make distribution of the the addon itself easier/faster.</description>
		<platform>all</platform>
	</extension>
</addon>
